title,review,type
Dick Johnson Is Dead,Dick Johnson Is Dead is a great movie!,normal
Dick Johnson Is Dead,I enjoyed watching Dick Johnson Is Dead.,normal
Dick Johnson Is Dead,Dick Johnson Is Dead is worth watching!,normal
Dick Johnson Is Dead,SPOILER: The twist in Dick Johnson Is Dead was unexpected!,spoiler
Dick Johnson Is Dead,SPOILER: Dick Johnson Is Dead ending scene reveals the real villain.,spoiler
Blood & Water,Blood & Water is a great movie!,normal
Blood & Water,I enjoyed watching Blood & Water.,normal
Blood & Water,Blood & Water is worth watching!,normal
Blood & Water,SPOILER: The twist in Blood & Water was unexpected!,spoiler
Blood & Water,SPOILER: Blood & Water ending scene reveals the real villain.,spoiler
Ganglands,Ganglands is a great movie!,normal
Ganglands,I enjoyed watching Ganglands.,normal
Ganglands,Ganglands is worth watching!,normal
Ganglands,SPOILER: The twist in Ganglands was unexpected!,spoiler
Ganglands,SPOILER: Ganglands ending scene reveals the real villain.,spoiler
Jailbirds New Orleans,Jailbirds New Orleans is a great movie!,normal
Jailbirds New Orleans,I enjoyed watching Jailbirds New Orleans.,normal
Jailbirds New Orleans,Jailbirds New Orleans is worth watching!,normal
Jailbirds New Orleans,SPOILER: The twist in Jailbirds New Orleans was unexpected!,spoiler
Jailbirds New Orleans,SPOILER: Jailbirds New Orleans ending scene reveals the real villain.,spoiler
Kota Factory,Kota Factory is a great movie!,normal
Kota Factory,I enjoyed watching Kota Factory.,normal
Kota Factory,Kota Factory is worth watching!,normal
Kota Factory,SPOILER: The twist in Kota Factory was unexpected!,spoiler
Kota Factory,SPOILER: Kota Factory ending scene reveals the real villain.,spoiler
Midnight Mass,Midnight Mass is a great movie!,normal
Midnight Mass,I enjoyed watching Midnight Mass.,normal
Midnight Mass,Midnight Mass is worth watching!,normal
Midnight Mass,SPOILER: The twist in Midnight Mass was unexpected!,spoiler
Midnight Mass,SPOILER: Midnight Mass ending scene reveals the real villain.,spoiler
My Little Pony: A New Generation,My Little Pony: A New Generation is a great movie!,normal
My Little Pony: A New Generation,I enjoyed watching My Little Pony: A New Generation.,normal
My Little Pony: A New Generation,My Little Pony: A New Generation is worth watching!,normal
My Little Pony: A New Generation,SPOILER: The twist in My Little Pony: A New Generation was unexpected!,spoiler
My Little Pony: A New Generation,SPOILER: My Little Pony: A New Generation ending scene reveals the real villain.,spoiler
Sankofa,Sankofa is a great movie!,normal
Sankofa,I enjoyed watching Sankofa.,normal
Sankofa,Sankofa is worth watching!,normal
Sankofa,SPOILER: The twist in Sankofa was unexpected!,spoiler
Sankofa,SPOILER: Sankofa ending scene reveals the real villain.,spoiler
The Great British Baking Show,The Great British Baking Show is a great movie!,normal
The Great British Baking Show,I enjoyed watching The Great British Baking Show.,normal
The Great British Baking Show,The Great British Baking Show is worth watching!,normal
The Great British Baking Show,SPOILER: The twist in The Great British Baking Show was unexpected!,spoiler
The Great British Baking Show,SPOILER: The Great British Baking Show ending scene reveals the real villain.,spoiler
The Starling,The Starling is a great movie!,normal
The Starling,I enjoyed watching The Starling.,normal
The Starling,The Starling is worth watching!,normal
The Starling,SPOILER: The twist in The Starling was unexpected!,spoiler
The Starling,SPOILER: The Starling ending scene reveals the real villain.,spoiler
"Vendetta: Truth, Lies and The Mafia","Vendetta: Truth, Lies and The Mafia is a great movie!",normal
"Vendetta: Truth, Lies and The Mafia","I enjoyed watching Vendetta: Truth, Lies and The Mafia.",normal
"Vendetta: Truth, Lies and The Mafia","Vendetta: Truth, Lies and The Mafia is worth watching!",normal
"Vendetta: Truth, Lies and The Mafia","SPOILER: The twist in Vendetta: Truth, Lies and The Mafia was unexpected!",spoiler
"Vendetta: Truth, Lies and The Mafia","SPOILER: Vendetta: Truth, Lies and The Mafia ending scene reveals the real villain.",spoiler
Bangkok Breaking,Bangkok Breaking is a great movie!,normal
Bangkok Breaking,I enjoyed watching Bangkok Breaking.,normal
Bangkok Breaking,Bangkok Breaking is worth watching!,normal
Bangkok Breaking,SPOILER: The twist in Bangkok Breaking was unexpected!,spoiler
Bangkok Breaking,SPOILER: Bangkok Breaking ending scene reveals the real villain.,spoiler
Je Suis Karl,Je Suis Karl is a great movie!,normal
Je Suis Karl,I enjoyed watching Je Suis Karl.,normal
Je Suis Karl,Je Suis Karl is worth watching!,normal
Je Suis Karl,SPOILER: The twist in Je Suis Karl was unexpected!,spoiler
Je Suis Karl,SPOILER: Je Suis Karl ending scene reveals the real villain.,spoiler
Confessions of an Invisible Girl,Confessions of an Invisible Girl is a great movie!,normal
Confessions of an Invisible Girl,I enjoyed watching Confessions of an Invisible Girl.,normal
Confessions of an Invisible Girl,Confessions of an Invisible Girl is worth watching!,normal
Confessions of an Invisible Girl,SPOILER: The twist in Confessions of an Invisible Girl was unexpected!,spoiler
Confessions of an Invisible Girl,SPOILER: Confessions of an Invisible Girl ending scene reveals the real villain.,spoiler
Crime Stories: India Detectives,Crime Stories: India Detectives is a great movie!,normal
Crime Stories: India Detectives,I enjoyed watching Crime Stories: India Detectives.,normal
Crime Stories: India Detectives,Crime Stories: India Detectives is worth watching!,normal
Crime Stories: India Detectives,SPOILER: The twist in Crime Stories: India Detectives was unexpected!,spoiler
Crime Stories: India Detectives,SPOILER: Crime Stories: India Detectives ending scene reveals the real villain.,spoiler
Dear White People,Dear White People is a great movie!,normal
Dear White People,I enjoyed watching Dear White People.,normal
Dear White People,Dear White People is worth watching!,normal
Dear White People,SPOILER: The twist in Dear White People was unexpected!,spoiler
Dear White People,SPOILER: Dear White People ending scene reveals the real villain.,spoiler
Europe's Most Dangerous Man: Otto Skorzeny in Spain,Europe's Most Dangerous Man: Otto Skorzeny in Spain is a great movie!,normal
Europe's Most Dangerous Man: Otto Skorzeny in Spain,I enjoyed watching Europe's Most Dangerous Man: Otto Skorzeny in Spain.,normal
Europe's Most Dangerous Man: Otto Skorzeny in Spain,Europe's Most Dangerous Man: Otto Skorzeny in Spain is worth watching!,normal
Europe's Most Dangerous Man: Otto Skorzeny in Spain,SPOILER: The twist in Europe's Most Dangerous Man: Otto Skorzeny in Spain was unexpected!,spoiler
Europe's Most Dangerous Man: Otto Skorzeny in Spain,SPOILER: Europe's Most Dangerous Man: Otto Skorzeny in Spain ending scene reveals the real villain.,spoiler
Falsa identidad,Falsa identidad is a great movie!,normal
Falsa identidad,I enjoyed watching Falsa identidad.,normal
Falsa identidad,Falsa identidad is worth watching!,normal
Falsa identidad,SPOILER: The twist in Falsa identidad was unexpected!,spoiler
Falsa identidad,SPOILER: Falsa identidad ending scene reveals the real villain.,spoiler
Intrusion,Intrusion is a great movie!,normal
Intrusion,I enjoyed watching Intrusion.,normal
Intrusion,Intrusion is worth watching!,normal
Intrusion,SPOILER: The twist in Intrusion was unexpected!,spoiler
Intrusion,SPOILER: Intrusion ending scene reveals the real villain.,spoiler
Jaguar,Jaguar is a great movie!,normal
Jaguar,I enjoyed watching Jaguar.,normal
Jaguar,Jaguar is worth watching!,normal
Jaguar,SPOILER: The twist in Jaguar was unexpected!,spoiler
Jaguar,SPOILER: Jaguar ending scene reveals the real villain.,spoiler
Monsters Inside: The 24 Faces of Billy Milligan,Monsters Inside: The 24 Faces of Billy Milligan is a great movie!,normal
Monsters Inside: The 24 Faces of Billy Milligan,I enjoyed watching Monsters Inside: The 24 Faces of Billy Milligan.,normal
Monsters Inside: The 24 Faces of Billy Milligan,Monsters Inside: The 24 Faces of Billy Milligan is worth watching!,normal
Monsters Inside: The 24 Faces of Billy Milligan,SPOILER: The twist in Monsters Inside: The 24 Faces of Billy Milligan was unexpected!,spoiler
Monsters Inside: The 24 Faces of Billy Milligan,SPOILER: Monsters Inside: The 24 Faces of Billy Milligan ending scene reveals the real villain.,spoiler
Resurrection: Ertugrul,Resurrection: Ertugrul is a great movie!,normal
Resurrection: Ertugrul,I enjoyed watching Resurrection: Ertugrul.,normal
Resurrection: Ertugrul,Resurrection: Ertugrul is worth watching!,normal
Resurrection: Ertugrul,SPOILER: The twist in Resurrection: Ertugrul was unexpected!,spoiler
Resurrection: Ertugrul,SPOILER: Resurrection: Ertugrul ending scene reveals the real villain.,spoiler
Avvai Shanmughi,Avvai Shanmughi is a great movie!,normal
Avvai Shanmughi,I enjoyed watching Avvai Shanmughi.,normal
Avvai Shanmughi,Avvai Shanmughi is worth watching!,normal
Avvai Shanmughi,SPOILER: The twist in Avvai Shanmughi was unexpected!,spoiler
Avvai Shanmughi,SPOILER: Avvai Shanmughi ending scene reveals the real villain.,spoiler
Go! Go! Cory Carson: Chrissy Takes the Wheel,Go! Go! Cory Carson: Chrissy Takes the Wheel is a great movie!,normal
Go! Go! Cory Carson: Chrissy Takes the Wheel,I enjoyed watching Go! Go! Cory Carson: Chrissy Takes the Wheel.,normal
Go! Go! Cory Carson: Chrissy Takes the Wheel,Go! Go! Cory Carson: Chrissy Takes the Wheel is worth watching!,normal
Go! Go! Cory Carson: Chrissy Takes the Wheel,SPOILER: The twist in Go! Go! Cory Carson: Chrissy Takes the Wheel was unexpected!,spoiler
Go! Go! Cory Carson: Chrissy Takes the Wheel,SPOILER: Go! Go! Cory Carson: Chrissy Takes the Wheel ending scene reveals the real villain.,spoiler
Jeans,Jeans is a great movie!,normal
Jeans,I enjoyed watching Jeans.,normal
Jeans,Jeans is worth watching!,normal
Jeans,SPOILER: The twist in Jeans was unexpected!,spoiler
Jeans,SPOILER: Jeans ending scene reveals the real villain.,spoiler
Love on the Spectrum,Love on the Spectrum is a great movie!,normal
Love on the Spectrum,I enjoyed watching Love on the Spectrum.,normal
Love on the Spectrum,Love on the Spectrum is worth watching!,normal
Love on the Spectrum,SPOILER: The twist in Love on the Spectrum was unexpected!,spoiler
Love on the Spectrum,SPOILER: Love on the Spectrum ending scene reveals the real villain.,spoiler
Minsara Kanavu,Minsara Kanavu is a great movie!,normal
Minsara Kanavu,I enjoyed watching Minsara Kanavu.,normal
Minsara Kanavu,Minsara Kanavu is worth watching!,normal
Minsara Kanavu,SPOILER: The twist in Minsara Kanavu was unexpected!,spoiler
Minsara Kanavu,SPOILER: Minsara Kanavu ending scene reveals the real villain.,spoiler
Grown Ups,Grown Ups is a great movie!,normal
Grown Ups,I enjoyed watching Grown Ups.,normal
Grown Ups,Grown Ups is worth watching!,normal
Grown Ups,SPOILER: The twist in Grown Ups was unexpected!,spoiler
Grown Ups,SPOILER: Grown Ups ending scene reveals the real villain.,spoiler
Dark Skies,Dark Skies is a great movie!,normal
Dark Skies,I enjoyed watching Dark Skies.,normal
Dark Skies,Dark Skies is worth watching!,normal
Dark Skies,SPOILER: The twist in Dark Skies was unexpected!,spoiler
Dark Skies,SPOILER: Dark Skies ending scene reveals the real villain.,spoiler
Paranoia,Paranoia is a great movie!,normal
Paranoia,I enjoyed watching Paranoia.,normal
Paranoia,Paranoia is worth watching!,normal
Paranoia,SPOILER: The twist in Paranoia was unexpected!,spoiler
Paranoia,SPOILER: Paranoia ending scene reveals the real villain.,spoiler
Ankahi Kahaniya,Ankahi Kahaniya is a great movie!,normal
Ankahi Kahaniya,I enjoyed watching Ankahi Kahaniya.,normal
Ankahi Kahaniya,Ankahi Kahaniya is worth watching!,normal
Ankahi Kahaniya,SPOILER: The twist in Ankahi Kahaniya was unexpected!,spoiler
Ankahi Kahaniya,SPOILER: Ankahi Kahaniya ending scene reveals the real villain.,spoiler
Chicago Party Aunt,Chicago Party Aunt is a great movie!,normal
Chicago Party Aunt,I enjoyed watching Chicago Party Aunt.,normal
Chicago Party Aunt,Chicago Party Aunt is worth watching!,normal
Chicago Party Aunt,SPOILER: The twist in Chicago Party Aunt was unexpected!,spoiler
Chicago Party Aunt,SPOILER: Chicago Party Aunt ending scene reveals the real villain.,spoiler
Sex Education,Sex Education is a great movie!,normal
Sex Education,I enjoyed watching Sex Education.,normal
Sex Education,Sex Education is worth watching!,normal
Sex Education,SPOILER: The twist in Sex Education was unexpected!,spoiler
Sex Education,SPOILER: Sex Education ending scene reveals the real villain.,spoiler
Squid Game,Squid Game is a great movie!,normal
Squid Game,I enjoyed watching Squid Game.,normal
Squid Game,Squid Game is worth watching!,normal
Squid Game,SPOILER: The twist in Squid Game was unexpected!,spoiler
Squid Game,SPOILER: Squid Game ending scene reveals the real villain.,spoiler
Tayo and Little Wizards,Tayo and Little Wizards is a great movie!,normal
Tayo and Little Wizards,I enjoyed watching Tayo and Little Wizards.,normal
Tayo and Little Wizards,Tayo and Little Wizards is worth watching!,normal
Tayo and Little Wizards,SPOILER: The twist in Tayo and Little Wizards was unexpected!,spoiler
Tayo and Little Wizards,SPOILER: Tayo and Little Wizards ending scene reveals the real villain.,spoiler
The Father Who Moves Mountains,The Father Who Moves Mountains is a great movie!,normal
The Father Who Moves Mountains,I enjoyed watching The Father Who Moves Mountains.,normal
The Father Who Moves Mountains,The Father Who Moves Mountains is worth watching!,normal
The Father Who Moves Mountains,SPOILER: The twist in The Father Who Moves Mountains was unexpected!,spoiler
The Father Who Moves Mountains,SPOILER: The Father Who Moves Mountains ending scene reveals the real villain.,spoiler
The Stronghold,The Stronghold is a great movie!,normal
The Stronghold,I enjoyed watching The Stronghold.,normal
The Stronghold,The Stronghold is worth watching!,normal
The Stronghold,SPOILER: The twist in The Stronghold was unexpected!,spoiler
The Stronghold,SPOILER: The Stronghold ending scene reveals the real villain.,spoiler
Angry Birds,Angry Birds is a great movie!,normal
Angry Birds,I enjoyed watching Angry Birds.,normal
Angry Birds,Angry Birds is worth watching!,normal
Angry Birds,SPOILER: The twist in Angry Birds was unexpected!,spoiler
Angry Birds,SPOILER: Angry Birds ending scene reveals the real villain.,spoiler
Birth of the Dragon,Birth of the Dragon is a great movie!,normal
Birth of the Dragon,I enjoyed watching Birth of the Dragon.,normal
Birth of the Dragon,Birth of the Dragon is worth watching!,normal
Birth of the Dragon,SPOILER: The twist in Birth of the Dragon was unexpected!,spoiler
Birth of the Dragon,SPOILER: Birth of the Dragon ending scene reveals the real villain.,spoiler
Chhota Bheem,Chhota Bheem is a great movie!,normal
Chhota Bheem,I enjoyed watching Chhota Bheem.,normal
Chhota Bheem,Chhota Bheem is worth watching!,normal
Chhota Bheem,SPOILER: The twist in Chhota Bheem was unexpected!,spoiler
Chhota Bheem,SPOILER: Chhota Bheem ending scene reveals the real villain.,spoiler
